{
  "model_info": {
    "model_type": "LightGBM",
    "model_name": "LightGBM_calibrated",
    "n_features": 14
  },
  "performance": {
    "roc_auc": 0.7888035700600197,
    "average_precision": 0.7626066040063899,
    "brier_score": 0.18667954059599995,
    "optimal_threshold": 0.3688780071031938,
    "optimal_f1": 0.732930592376896
  },
  "classification_metrics": {
    "accuracy": 0.7072694359756098,
    "balanced_accuracy": 0.707315368315436,
    "sensitivity": 0.8037365360785436,
    "specificity": 0.6108942005523283,
    "ppv": 0.673590030356287,
    "npv": 0.7570214774604673,
    "f1_score": 0.732930592376896,
    "fpr": 0.38910579944767165,
    "fnr": 0.1962634639214565
  },
  "confusion_matrix": {
    "tn": 6415,
    "fp": 4086,
    "fn": 2059,
    "tp": 8432
  },
  "test_set": {
    "n_samples": 20992,
    "n_positive": 10491,
    "n_negative": 10501,
    "prevalence": 0.49976181402439024
  }
}