{
  "model_info": {
    "model_type": "CatBoost",
    "n_features": 14
  },
  "performance": {
    "roc_auc": 0.7977245672850164,
    "average_precision": 0.7715659040755563,
    "brier_score": 0.18277889196274466,
    "fixed_threshold": 0.455,
    "f1_score": 0.7396109637488947
  },
  "classification_metrics": {
    "accuracy": 0.7194169207317073,
    "balanced_accuracy": 0.7194540282399856,
    "sensitivity": 0.7973501096177676,
    "specificity": 0.6415579468622036,
    "ppv": 0.6896693874185835,
    "npv": 0.7601263680469367,
    "f1_score": 0.7396109637488947,
    "fpr": 0.3584420531377964,
    "fnr": 0.20264989038223238
  },
  "confusion_matrix": {
    "tn": 6737,
    "fp": 3764,
    "fn": 2126,
    "tp": 8365
  },
  "test_set": {
    "n_samples": 20992,
    "n_positive": 10491,
    "n_negative": 10501,
    "prevalence": 0.49976181402439024
  }
}