{
  "model_info": {
    "model_type": "XGBoost",
    "n_features": 14
  },
  "performance": {
    "roc_auc": 0.7931290383436028,
    "average_precision": 0.7647082895515229,
    "brier_score": 0.18469429163100196,
    "fixed_threshold": 0.455,
    "f1_score": 0.7256459330143541
  },
  "classification_metrics": {
    "accuracy": 0.7268483231707317,
    "balanced_accuracy": 0.7268464003559865,
    "sensitivity": 0.7228100276427414,
    "specificity": 0.7308827730692316,
    "ppv": 0.7285041790757998,
    "npv": 0.7252196919588019,
    "f1_score": 0.7256459330143541,
    "fpr": 0.2691172269307685,
    "fnr": 0.2771899723572586
  },
  "confusion_matrix": {
    "tn": 7675,
    "fp": 2826,
    "fn": 2908,
    "tp": 7583
  },
  "test_set": {
    "n_samples": 20992,
    "n_positive": 10491,
    "n_negative": 10501,
    "prevalence": 0.49976181402439024
  }
}