{
  "model_info": {
    "model_type": "CatBoost",
    "n_features": 14,
    "threshold_strategy": "max_f1"
  },
  "performance": {
    "roc_auc": 0.8139206545148766,
    "average_precision": 0.7979612825970416,
    "brier_score": 0.17543164362296304,
    "optimal_threshold": 0.31500000000000017,
    "f1_score": 0.7486889203363024
  },
  "classification_metrics": {
    "accuracy": 0.7123666158536586,
    "balanced_accuracy": 0.7124356281604184,
    "sensitivity": 0.8573062625107235,
    "specificity": 0.5675649938101133,
    "ppv": 0.6644994458810491,
    "npv": 0.7992490277591525,
    "f1_score": 0.7486889203363024,
    "fpr": 0.4324350061898867,
    "fnr": 0.14269373748927652
  },
  "confusion_matrix": {
    "tn": 5960,
    "fp": 4541,
    "fn": 1497,
    "tp": 8994
  },
  "test_set": {
    "n_samples": 20992,
    "n_positive": 10491,
    "n_negative": 10501,
    "prevalence": 0.49976181402439024
  }
}