Dataset,Risk_Group,Count,Percentage,Disease_Count,Disease_Rate,Avg_Probability
Train,Low,12692,25.91314645051961,1475,11.62149385439647,0.19794186088715116
Train,Medium,18587,37.948916882745664,7988,42.97627373971055,0.428659293266091
Train,High,17700,36.137936666734724,15016,84.8361581920904,0.7882092443982437
Test,Low,5313,25.309641768292686,1015,19.104084321475625,0.19704571770668117
Test,Medium,8092,38.548018292682926,3422,42.28868017795354,0.4289519252156157
Test,High,7587,36.142339939024396,6054,79.79438513246342,0.7902129605916463
