Dataset,Risk_Group,Count,Percentage,Disease_Count,Disease_Rate,Avg_Probability,Min_Probability,Max_Probability
Train,Low,10346,21.12333857367443,1522,14.710999420065725,0.16555717797822522,0.0,0.24949101807426682
Train,Medium,12247,25.004593805508485,3884,31.713889115701804,0.3222802126557237,0.25254468848912154,0.4463561526288784
Train,High,26386,53.87206762081709,19073,72.28454483438188,0.7036862740761585,0.45013491080753637,1.0
Test,Low,4395,20.93654725609756,643,14.630261660978386,0.16429071324299555,0.0,0.23689727463312368
Test,Medium,5157,24.566501524390244,1663,32.24743067675005,0.32339705172471594,0.25462962962962965,0.44285714285714284
Test,High,11440,54.49695121951219,8185,71.5472027972028,0.702718823024952,0.45013491080753637,1.0
