Dataset,Risk_Group,Count,Percentage,Disease_Count,Disease_Rate,Avg_Probability
Train,Low,16938,34.582167867861735,3368,19.884283858779074,0.2083417517917999
Train,Medium,15789,32.236264521529634,7568,47.93210462980556,0.4914203732452137
Train,High,16252,33.181567610608624,13543,83.33128230371646,0.8111647707963332
Test,Low,7135,33.9891387195122,1484,20.79887876664331,0.20675880680173794
Test,Medium,6865,32.70293445121951,3268,47.603787327021124,0.49151669743069626
Test,High,6992,33.30792682926829,5739,82.07951945080092,0.8124355746116647
