Dataset,Risk_Group,Count,Percentage,Disease_Count,Disease_Rate,Avg_Probability,Min_Probability,Max_Probability
Train,Low,13328,27.211662140917536,1873,14.053121248499401,0.19311204364097243,0.0,0.2950332462787628
Train,Medium,11465,23.407991179893422,4148,36.17967727867423,0.38065542563360644,0.3003367781639099,0.453125
Train,High,24186,49.38034667918904,18458,76.3168775324568,0.7230908177022276,0.4733206629753113,1.0
Test,Low,5648,26.90548780487805,1081,19.139518413597735,0.1921386659388801,0.0,0.275023877620697
Test,Medium,4935,23.508955792682926,1827,37.02127659574468,0.38260599733486,0.3003367781639099,0.453125
Test,High,10409,49.585556402439025,7583,72.85041790757998,0.723869234200387,0.5,1.0
