Dataset,Risk_Group,Count,Percentage,Disease_Count,Disease_Rate,Avg_Probability
Train,Low,15789,32.236264521529634,3099,19.62758882766483,0.19003448524199196
Train,Medium,15122,30.874456399681492,6655,44.00872900409999,0.45402569726312497
Train,High,18068,36.88927907878887,14725,81.4976754483064,0.8173695668950924
Test,Low,6615,31.51200457317073,1344,20.317460317460316,0.18916264698697777
Test,Medium,6561,31.254763719512198,2911,44.3682365493065,0.45470028648723865
Test,High,7816,37.233231707317074,6236,79.78505629477995,0.8174028003792314
