{
  "model_type": "CatBoost",
  "calibration_method": "beta",
  "threshold": 0.3814214570388509,
  "data_split": {
    "train_pct": 70.0,
    "cal_pct": 15.0,
    "test_pct": 15.0,
    "n_test": 10497
  },
  "prevalence": 0.499761836715252,
  "net_benefit_at_threshold": 0.2911830415448961,
  "net_benefit_treat_all": 0.499761836715252,
  "improvement": -0.20857879517035588,
  "is_useful": false
}