{
  "model_info": {
    "type": "CatBoost",
    "calibration": "beta",
    "threshold": 0.3814214570388509
  },
  "data_split": {
    "train_n": 48983,
    "cal_n": 10496,
    "test_n": 10497
  },
  "test_performance": {
    "auc": 0.8007535989913291,
    "auc_ci": [
      0.792284689829444,
      0.8091977133168824
    ],
    "brier": 0.180814046894056,
    "brier_ci": [
      0.17683348425961617,
      0.1847820834852247
    ],
    "f1": 0.7421117574475586,
    "accuracy": 0.7212536915309136
  },
  "diagnostic": {
    "sensitivity": 0.8025162028211971,
    "specificity": 0.6400685583698343,
    "ppv": 0.6901639344262295,
    "npv": 0.764384807823516
  },
  "confusion_matrix": {
    "tn": 3361,
    "fp": 1890,
    "fn": 1036,
    "tp": 4210
  }
}