{
  "model_info": {
    "model_type": "XGBoost",
    "model_selected": "base",
    "selection_criterion": "lowest_brier_score",
    "selection_reason": "Lower Brier Score (0.1721 < 0.1724)",
    "n_features": 13,
    "threshold_type": "preferred",
    "threshold_value": 0.36
  },
  "model_comparison": {
    "base_brier_score": 0.17208019670416527,
    "calibrated_brier_score": 0.1724402436363976,
    "selected_brier_score": 0.17208019670416527,
    "brier_improvement": 0.00036004693223232187,
    "scores_equal": false
  },
  "performance": {
    "roc_auc": 0.8213967141012258,
    "average_precision": 0.8163972504975859,
    "brier_score": 0.17208019670416527,
    "threshold": 0.36,
    "f1_score": 0.75434456125295
  },
  "classification_metrics": {
    "accuracy": 0.7272900490639737,
    "balanced_accuracy": 0.7273373978906499,
    "sensitivity": 0.8377811666031262,
    "specificity": 0.6168936291781735,
    "ppv": 0.6860220088972138,
    "npv": 0.7919315403422983,
    "f1_score": 0.75434456125295,
    "fpr": 0.38310637082182647,
    "fnr": 0.16221883339687382
  },
  "confusion_matrix": {
    "tn": 6478,
    "fp": 4023,
    "fn": 1702,
    "tp": 8790
  },
  "test_set": {
    "n_samples": 20993,
    "n_positive": 10492,
    "n_negative": 10501,
    "prevalence": 0.4997856428333254
  }
}