Risk_Group,N_Patients,Percentage,Disease_Prevalence,Mean_Risk_Score,Sensitivity,Specificity,PPV,NPV,TP,FP,TN,FN
Low,3212,30.59921882442603,18.960149439601494,0.19746456315317493,0.0,0.0,0.0,0.0,0,0,0,3212
Moderate,2839,27.04582261598552,41.5639309616062,0.4123231632413428,0.65,0.4526823387582881,0.45791044776119405,0.6451890034364262,767,908,751,413
High,4446,42.354958559588454,77.75528565002249,0.7749139154104033,0.0,0.0,0.0,0.0,0,4446,0,0
