Dataset,Risk_Group,Count,Percentage,Disease_Count,Disease_Rate,Avg_Probability,Min_Probability,Max_Probability
Train,Low,14807,30.228854908845925,2515,16.985209698115757,0.191289484500885,0.025550303980708122,0.29999008774757385
Train,Medium,11718,23.922585386766837,4594,39.204642430448885,0.38947242498397827,0.3000045120716095,0.49998223781585693
Train,High,22458,45.848559704387235,17371,77.34882892510464,0.7613718509674072,0.5000002384185791,0.9505798816680908
Test,Low,6470,30.81979707521555,1129,17.449768160741886,0.19064974784851074,0.025664057582616806,0.2998899519443512
Test,Medium,4949,23.574524841613872,1972,39.84643362295413,0.39109277725219727,0.3000262975692749,0.4999961853027344
Test,High,9574,45.60567808317058,7391,77.1986630457489,0.763033390045166,0.5001394152641296,0.9538864493370056
