{
  "model_info": {
    "type": "CatBoost",
    "calibration": "beta",
    "threshold": 0.3818019242672164
  },
  "data_split": {
    "test_samples": 10497,
    "test_percentage": 15.0
  },
  "risk_groups": {
    "Low": {
      "n_patients": 3212,
      "percentage": 30.59921882442603,
      "disease_prevalence": 18.960149439601494,
      "mean_risk_score": 0.19746456315317493,
      "sensitivity": 0.0,
      "specificity": 0.0,
      "ppv": 0.0,
      "npv": 0.0
    },
    "Moderate": {
      "n_patients": 2839,
      "percentage": 27.04582261598552,
      "disease_prevalence": 41.5639309616062,
      "mean_risk_score": 0.4123231632413428,
      "sensitivity": 0.65,
      "specificity": 0.4526823387582881,
      "ppv": 0.45791044776119405,
      "npv": 0.6451890034364262
    },
    "High": {
      "n_patients": 4446,
      "percentage": 42.354958559588454,
      "disease_prevalence": 77.75528565002249,
      "mean_risk_score": 0.7749139154104033,
      "sensitivity": 0.0,
      "specificity": 0.0,
      "ppv": 0.0,
      "npv": 0.0
    }
  }
}